session_id,user_id,motif_contact,canal,resolu
9ed69973,198,remboursement,chat,false
5e9dcd3a,181,question,email,true
4dc672d9,139,question,email,false
ef573f5f,179,question,email,true
8e817004,40,question,chat,true
d3c9d4ce,171,question,email,false
d80ef0cf,113,produit_défectueux,email,false
03f0f989,137,produit_défectueux,email,true
0e762c1e,185,produit_défectueux,email,true
01b8c23a,107,remboursement,telephone,true
57423c49,81,livraison,chat,false
a643cc0f,63,livraison,telephone,false
a7d93aeb,114,livraison,email,true
97a4fa85,114,livraison,email,false
c524385a,48,remboursement,chat,false
ba4b98b4,103,produit_défectueux,telephone,true
93ddecb5,38,livraison,email,true
3432f0a1,4,produit_défectueux,telephone,false
ebb5e99c,18,livraison,telephone,true
f3fa9224,138,remboursement,email,false
0fbaaa98,169,livraison,telephone,false
158aedce,55,remboursement,telephone,false
bd0bd636,182,remboursement,email,false
bbe7882d,122,livraison,chat,true
fa03d4cb,122,livraison,email,true
7f4c3d84,191,remboursement,chat,true
eccf1b0d,153,remboursement,telephone,true
9dc6a302,123,produit_défectueux,telephone,false
11d40863,119,livraison,telephone,false
bf9708b7,194,question,email,false
a5f16e33,56,remboursement,chat,true
02f37f55,193,remboursement,email,true
56b945a7,11,produit_défectueux,chat,false
ff9ddee2,57,produit_défectueux,email,false
4f7de417,74,produit_défectueux,email,true
ad4b6d2a,173,produit_défectueux,chat,true
ab5366f3,153,livraison,chat,false
cac8c698,59,question,chat,true
7fe19f1c,125,remboursement,email,true
d3c4f4c4,22,question,email,true
32515942,36,livraison,telephone,true
8879d0d8,54,question,chat,true
52b7e71f,167,remboursement,email,false
90c9b476,25,livraison,telephone,false
5b2de0a6,65,remboursement,telephone,true
8d6c4c84,45,produit_défectueux,chat,false
78d1f8c5,26,question,chat,false
9446c210,196,livraison,email,false
ed38c308,78,question,email,false
bd77537e,130,remboursement,telephone,true
ca2a4635,34,produit_défectueux,email,false
cf3a7a3a,4,question,email,true
6ba85c4c,114,question,telephone,false
a7ec16e2,149,produit_défectueux,chat,true
5be9dc6c,167,question,telephone,true
3d9811dd,86,question,email,true
dedb06ca,121,produit_défectueux,telephone,true
af5f41e0,18,remboursement,chat,false
7b6bd27f,198,remboursement,email,true
0a0674b8,45,remboursement,chat,true
15cb3f63,155,remboursement,email,true
2af61db6,67,produit_défectueux,email,false
6fb94630,115,question,chat,false
bf705eb6,187,livraison,email,true
f9bb6c03,99,livraison,chat,false
754885f5,8,remboursement,chat,true
d3a9f0e7,21,question,chat,false
370b7c56,163,remboursement,email,false
705ffcce,22,question,chat,false
391ae685,100,remboursement,telephone,false
43782634,169,livraison,telephone,true
3507fd4b,82,remboursement,chat,true
7c51e080,70,livraison,email,true
63d3c100,44,livraison,email,true
724e8db3,59,livraison,telephone,true
cefee239,49,question,telephone,true
e77e8858,118,question,chat,false
548b9fda,110,livraison,telephone,true
811c34a8,115,livraison,chat,false
1ffe4814,132,produit_défectueux,email,true
866bbb12,71,produit_défectueux,email,true
25d0b6c6,70,question,telephone,false
fb4f748e,154,livraison,telephone,true
cb2d66d8,129,remboursement,chat,true
06536982,95,produit_défectueux,telephone,true
0e81e2a4,35,produit_défectueux,chat,true
2e6e9448,26,produit_défectueux,chat,false
5bcc30ea,177,question,telephone,true
57fbf3d5,72,produit_défectueux,telephone,false
e17c860c,147,livraison,telephone,true
d88a6d42,131,remboursement,chat,false
72b75142,30,livraison,email,false
a0239fb0,43,livraison,chat,true
9d8b7df5,167,produit_défectueux,telephone,true
3258b582,36,remboursement,email,true
c0127d55,15,livraison,email,true
b37ccb8e,199,remboursement,chat,true
b3978315,125,question,telephone,true
b4cc3f3c,33,question,email,true
34c01af6,39,produit_défectueux,email,true
d206ab2b,23,produit_défectueux,email,true
b83ba324,35,livraison,email,false
6a1d742e,115,livraison,email,false
a3db1e51,154,produit_défectueux,chat,false
a7d34772,197,produit_défectueux,email,true
64344b72,23,livraison,email,false
24470dd3,145,question,telephone,true
c2a73f78,182,livraison,chat,true
f57131b3,8,remboursement,chat,true
a8bd3590,15,question,email,true
55600085,199,livraison,chat,true
5a73f5f2,159,livraison,chat,false
f4f7909e,14,produit_défectueux,chat,false
7a07e2f8,87,produit_défectueux,telephone,false
bab6f4e7,196,produit_défectueux,email,false
979fb6fc,181,remboursement,chat,true
1e5e6b3e,132,produit_défectueux,chat,false
2090afa8,113,question,chat,false
8163bd31,97,produit_défectueux,telephone,true
39be346d,139,question,email,true
a290c24b,16,produit_défectueux,telephone,false
a71fb3d8,51,remboursement,telephone,true
077e5120,97,question,email,true
eb2da9d3,183,produit_défectueux,telephone,false
fba47e99,48,produit_défectueux,telephone,true
6932e1b5,92,livraison,email,false
8eaee9fb,62,question,telephone,false
b27d4ab5,175,livraison,telephone,false
03e566d7,24,remboursement,telephone,false
3d813ee4,130,livraison,telephone,true
2a6a17e4,150,remboursement,email,false
42103224,130,produit_défectueux,email,false
a192d388,97,remboursement,telephone,true
b734a948,142,remboursement,telephone,true
c535f5ca,103,produit_défectueux,telephone,true
59f5eed1,165,remboursement,chat,true
433be910,68,question,email,false
c9f2101a,199,remboursement,email,false
da5bd04f,138,livraison,telephone,true
e58f9c2e,171,question,email,true
bfd3d24c,53,remboursement,email,true
c8dac5d5,59,question,chat,false
85ee9bc1,16,question,chat,false
cb987c5d,185,produit_défectueux,telephone,true
8288e615,18,livraison,email,true
13ae2373,104,question,chat,false
57472db7,85,livraison,telephone,false
3eb2cf52,71,remboursement,telephone,true
9f18d808,73,question,telephone,false
5478ef89,125,livraison,telephone,true
aa6ecca6,81,livraison,email,false
2873b885,71,question,telephone,false
ff9ce865,193,remboursement,chat,true
8634b2f4,146,question,chat,true
52b35207,152,question,chat,true
4204767d,31,produit_défectueux,email,true
539620c3,58,livraison,telephone,true
df634c8c,151,remboursement,telephone,true
9f13746c,115,remboursement,email,false
b030bfd4,149,produit_défectueux,email,false
90dadf20,67,produit_défectueux,telephone,false
12ff04e5,171,livraison,chat,true
1930e681,192,remboursement,email,false
5c959986,102,produit_défectueux,telephone,false
a6f46c67,93,produit_défectueux,telephone,true
f2cbf43b,6,remboursement,email,false
aa16463d,174,remboursement,telephone,false
db167ed8,87,livraison,chat,true
930863d9,126,remboursement,email,true
f3ea90ee,35,question,chat,true
1afd5dbd,195,remboursement,chat,true
2da96c68,15,produit_défectueux,chat,true
6145e6d2,93,livraison,telephone,true
d50c7a56,161,produit_défectueux,chat,true
7a2dd664,35,remboursement,chat,false
ce71c8de,14,produit_défectueux,email,true
52d1ef5f,37,remboursement,email,false
ab5001c3,169,livraison,email,false
deed446a,179,produit_défectueux,chat,false
670ed2a7,6,question,telephone,true
02122be0,154,livraison,telephone,false
fce6029f,37,question,telephone,true
e68a8332,185,remboursement,telephone,false
b8da2660,191,question,telephone,false
5984835e,73,livraison,telephone,true
47993153,148,question,telephone,false
88072de4,116,produit_défectueux,email,true
6ecea49c,30,produit_défectueux,email,false
619f6474,56,remboursement,telephone,true
e4ab1067,11,livraison,email,true
761cf664,196,question,email,true
044f9fe7,163,question,telephone,true
e60accfd,111,remboursement,telephone,false
de5d7999,196,remboursement,chat,false
35970986,140,question,chat,false
02f6e0f0,42,livraison,email,true
8925dc49,141,remboursement,chat,true
8eb4a146,82,remboursement,email,true
e7e65bed,81,produit_défectueux,email,true
7deb11fd,24,produit_défectueux,telephone,true
82c53961,157,question,telephone,true
c084fb40,66,question,email,false
1a3a67fb,198,question,chat,false
49b9e990,88,livraison,chat,true
dc09bec9,71,question,telephone,true
2c9440a7,56,produit_défectueux,chat,false
4ed28217,85,question,chat,false
7da052b4,148,question,telephone,true
dbed0386,151,livraison,telephone,true
2ed48da8,162,question,chat,false
713fbc48,111,produit_défectueux,telephone,false
b0f51bfa,138,question,email,true
7262c519,7,remboursement,email,true
3ae2aa40,175,produit_défectueux,chat,false
040b40f3,96,question,telephone,false
d2a079b5,141,remboursement,telephone,true
6b4ee6da,81,produit_défectueux,telephone,false
48a6e46a,122,produit_défectueux,chat,true
2c2d2bd5,119,question,chat,true
c98dbac1,174,remboursement,telephone,true
0e6ea2d9,84,produit_défectueux,telephone,true
0bbe0828,197,produit_défectueux,telephone,false
30025206,67,livraison,email,false
3a1fe98e,139,livraison,chat,false
3072afc7,116,livraison,chat,false
9c446c3c,118,question,email,true
2b8b9c96,189,produit_défectueux,chat,false
8a3a9f94,67,produit_défectueux,telephone,false
aad50a46,6,livraison,email,true
09fcd147,97,produit_défectueux,telephone,true
34be4dda,104,question,chat,true
246f601f,66,question,email,false
68e32daa,127,livraison,telephone,false
e3d29be5,41,produit_défectueux,telephone,false
123438c8,101,livraison,telephone,false
a657fa6d,198,question,chat,false
930b437b,46,livraison,email,false
41dc76bf,193,question,email,false
91e8fb4c,68,remboursement,email,true
04124936,22,question,chat,true
24fbd80d,129,question,telephone,true
02982c4e,186,produit_défectueux,chat,false
5f7eaa20,137,remboursement,email,true
7b1b9b4f,3,remboursement,email,false
1f62a5fc,154,livraison,telephone,false
400aa7c3,147,produit_défectueux,telephone,false
b871b5f0,181,livraison,chat,true
dfb4f8ce,59,question,chat,false
914c9240,125,produit_défectueux,chat,true
d8e8d639,118,livraison,chat,false
b0b2ac79,150,produit_défectueux,email,true
d7a2403e,75,livraison,telephone,true
469da2a3,115,question,telephone,false
40e6c454,45,question,telephone,false
c69dd33c,54,remboursement,email,true
8e8041ce,141,remboursement,telephone,false
1cebf93b,41,question,telephone,true
64e2f9bf,113,remboursement,telephone,true
6a4d7889,191,question,email,false
aa63406f,197,produit_défectueux,email,false
11f55f81,111,livraison,telephone,true
9e3094e9,43,question,email,false
ebd7b2a1,42,livraison,chat,false
d3219983,121,produit_défectueux,chat,false
b8c8280a,146,remboursement,chat,true
e4671498,178,produit_défectueux,telephone,false
479d60cd,176,livraison,chat,false
46d89d03,154,produit_défectueux,telephone,false
aea99a6a,41,produit_défectueux,chat,false
a797266d,160,produit_défectueux,email,false
b1572ca9,136,produit_défectueux,email,false
34ac4fe0,195,produit_défectueux,chat,true
8ad662dc,52,remboursement,chat,false
5d695a36,63,livraison,telephone,false
a9ff3685,40,question,chat,true
cc45fb00,88,livraison,telephone,false
77cd9175,41,remboursement,chat,false
3265c312,194,produit_défectueux,email,true
f63d57d5,124,remboursement,telephone,false
01752646,140,question,chat,false
a07a26f1,49,remboursement,telephone,false
178bf4e8,100,produit_défectueux,telephone,true
3d0e60e8,175,livraison,chat,false
5b83f627,139,produit_défectueux,telephone,true
3b3f0338,169,question,email,true
255f0edb,172,produit_défectueux,email,true
1c8f1d74,99,livraison,email,false
f26c2f70,161,remboursement,chat,false
9db1469c,150,question,chat,false
4f401d92,72,livraison,chat,false
702893c4,109,remboursement,email,true
6eea74cd,110,produit_défectueux,chat,true
3775eb8f,138,produit_défectueux,email,true
f334a73f,162,question,telephone,true
ae5665ca,100,livraison,telephone,false
410af06e,102,question,email,false
bfb919e6,93,remboursement,telephone,true
7d118e55,70,question,email,false
11139181,191,remboursement,chat,true
0c30bd63,24,question,telephone,true
3be9f787,11,produit_défectueux,chat,true
ec2c5155,28,remboursement,email,false
521f2997,68,remboursement,email,true
316e0d50,114,remboursement,telephone,false
393b6d37,7,question,chat,false
901c7e52,110,produit_défectueux,email,false
3b0c5c43,3,produit_défectueux,email,true
ab762570,153,livraison,telephone,true
bb6ca0b0,95,produit_défectueux,chat,true
89da820c,123,produit_défectueux,telephone,true
f1fad793,142,produit_défectueux,telephone,false
9e57a4a1,74,livraison,chat,false
d32414f4,168,livraison,email,true
4282671c,200,livraison,chat,true
c1c21f95,147,livraison,email,false
4fdb1d83,173,question,telephone,true
d10f6fd8,87,produit_défectueux,chat,true
65dea58a,160,produit_défectueux,telephone,true
93e12f76,198,remboursement,email,true
b1070e63,73,remboursement,telephone,true
06d10c03,197,livraison,chat,false
79ce0eb1,133,remboursement,chat,true
a4a1a51f,75,remboursement,telephone,true
b2daf152,91,livraison,telephone,true
c9eee606,135,produit_défectueux,telephone,true
1c213c90,135,remboursement,email,false
d7cde253,108,question,telephone,false
e6724396,112,produit_défectueux,chat,true
a0605fb0,14,livraison,chat,true
d1cbc8f0,177,remboursement,chat,false
e6581d5e,184,produit_défectueux,email,false
215b16d0,179,produit_défectueux,telephone,true
edf73772,47,produit_défectueux,telephone,true
8933037e,132,produit_défectueux,email,true
aea93cf4,29,livraison,telephone,true
b9c0995e,12,produit_défectueux,email,true
4db697df,145,question,chat,true
ba871c01,28,question,telephone,true
088de5dd,135,livraison,chat,false
38334bdf,96,question,email,true
298b3054,23,remboursement,chat,false
3a66a5ae,55,remboursement,chat,true
667cfb69,136,question,chat,false
f6781f47,80,livraison,telephone,true
339c9bcb,177,produit_défectueux,chat,false
f42053a0,100,question,telephone,true
700c38da,80,produit_défectueux,chat,true
b4925057,152,question,email,false
af3b3877,5,question,chat,true
23e9eca3,125,produit_défectueux,email,false
32ddd18b,55,remboursement,chat,true
e52dc41f,124,livraison,email,false
b83804f0,177,question,email,true
84094b7b,112,question,telephone,false
96dc754c,191,question,chat,true
96a86824,172,question,email,true
4e68c7c4,16,question,chat,false
c2ad158e,94,produit_défectueux,telephone,true
c7616f14,158,remboursement,chat,true
f8ee2cea,129,produit_défectueux,telephone,true
7299bb63,18,question,chat,false
4dede6e1,34,question,telephone,true
75786cc5,90,question,email,true
393b871b,67,remboursement,email,false
796c05a7,128,livraison,email,false
167eb240,1,produit_défectueux,chat,true
e9e089cc,110,remboursement,telephone,true
a630fbe1,157,remboursement,email,true
44cc4665,61,remboursement,chat,false
802995c2,24,produit_défectueux,email,true
e02e95ce,134,livraison,telephone,true
53dae351,154,livraison,chat,false
b7cdb0c3,174,question,chat,true
bc480845,48,remboursement,chat,false
7c73541c,119,question,email,true
6a164036,75,question,chat,false
0df52140,161,produit_défectueux,telephone,false
ad8f5782,57,remboursement,telephone,true
5399d62f,46,question,telephone,false
4f034d9d,150,livraison,telephone,false
0a1b2523,96,produit_défectueux,chat,true
0dd376de,33,livraison,chat,true
12c9ed97,80,question,chat,false
5c138e30,18,question,email,false
3740db22,47,livraison,chat,false
01429dc4,25,livraison,telephone,false
d67689e3,133,produit_défectueux,email,true
051f184c,197,produit_défectueux,chat,true
5e3d58ab,57,livraison,chat,true
94b46bc4,83,livraison,chat,false
b4ca8c50,140,produit_défectueux,email,false
7c72a6d8,164,question,telephone,true
ce06f332,176,remboursement,telephone,false
f78f254d,90,remboursement,chat,true
8183d4cb,172,produit_défectueux,email,true
7da39b9e,26,livraison,email,true
0dc6e35e,89,remboursement,chat,true
6bdbb7dc,185,remboursement,email,false
e6af98a4,87,livraison,email,true
1bff694f,197,question,telephone,true
c17856a6,46,question,telephone,false
50ede679,96,question,email,false
dd405688,148,produit_défectueux,email,true
b16ef711,111,livraison,email,true
a7005aab,56,remboursement,chat,false
86cc4cb3,147,remboursement,telephone,true
7d51e112,173,produit_défectueux,telephone,false
90b0a710,64,livraison,telephone,true
c269cd97,178,remboursement,chat,true
c692d195,56,livraison,email,false
0a325167,179,remboursement,chat,false
10ed49b5,150,produit_défectueux,email,true
a504866d,129,question,chat,false
94e52e3c,139,remboursement,chat,true
c66802bb,89,remboursement,chat,true
45839f8a,93,remboursement,email,true
3199d2a1,56,produit_défectueux,telephone,false
53cb5dbe,96,question,telephone,false
b8fa192c,105,produit_défectueux,chat,false
b3941fef,38,livraison,telephone,true
d4f3804b,47,question,telephone,false
361d8a92,11,livraison,telephone,false
ff2054b0,134,remboursement,chat,true
927473bc,103,question,telephone,true
af60013a,182,produit_défectueux,chat,false
2ea3ad23,86,question,telephone,true
88e08aea,141,question,telephone,false
279d8d9a,61,livraison,chat,false
ba26cf94,148,produit_défectueux,chat,false
453607aa,90,produit_défectueux,chat,true
148c0f9f,175,livraison,email,true
c3b6cac9,178,livraison,chat,false
6b1787e0,101,produit_défectueux,email,false
e43c87a5,66,remboursement,telephone,false
ebd6a67d,23,remboursement,email,true
c5c38610,189,remboursement,telephone,true
5889bf9d,39,question,telephone,false
17542bb5,141,question,chat,false
2dd3064c,70,remboursement,chat,true
a5a2e4c3,55,produit_défectueux,chat,true
5c205efb,106,question,chat,false
955110fd,34,produit_défectueux,email,false
e54f428e,75,livraison,email,true
2c34b0e0,20,remboursement,chat,true
7d8b5885,85,livraison,email,true
c3bac376,43,livraison,telephone,true
ec490174,30,remboursement,telephone,false
c38ee646,177,produit_défectueux,telephone,false
969e8d66,129,livraison,email,false
09128315,136,remboursement,chat,true
ae9c347a,119,livraison,telephone,true
70c40a81,71,livraison,telephone,true
69219583,32,question,email,true
8789259e,183,livraison,chat,false
f60221ed,36,remboursement,chat,false
3fff6e34,142,remboursement,chat,true
4bf69e1a,30,question,chat,false
3f23a5b2,86,question,telephone,true
318d5896,100,question,telephone,false
31f85460,102,produit_défectueux,telephone,true
6162c069,31,produit_défectueux,telephone,true
dc60ac35,81,remboursement,chat,true
714d6f92,156,produit_défectueux,telephone,true
ea08c4b7,174,remboursement,telephone,false
d5f67c6b,188,question,email,true
53719bfb,168,livraison,telephone,true
c8dfcc2c,171,livraison,email,false
cee5fcb7,19,produit_défectueux,chat,true
fb8e6817,36,question,email,false
ac28556e,4,livraison,telephone,false
fe102834,20,livraison,chat,false
70351ff4,198,remboursement,chat,true
0d443b2f,33,produit_défectueux,email,true
1b9ff29c,43,produit_défectueux,email,false
0d7e064e,98,livraison,telephone,true
ecc65850,198,remboursement,telephone,false
fec0c85b,122,livraison,email,true
3c220c02,54,livraison,email,false
764be52d,54,remboursement,telephone,true
4e9ebaed,177,remboursement,email,false
943f1ce1,185,remboursement,email,true
4f887f6e,112,livraison,email,true
bab24c39,103,remboursement,email,true
09626894,13,question,telephone,false
c6103455,107,remboursement,email,false
f264f5e0,24,produit_défectueux,chat,false
30510fd2,200,produit_défectueux,email,false
c805c0e7,152,question,telephone,false
e01b3134,79,remboursement,email,true
5f9af616,72,produit_défectueux,telephone,false
5cc03346,173,produit_défectueux,telephone,false
9fd98a24,169,remboursement,chat,true
b7ee2f6f,119,livraison,telephone,false
8391ba85,122,produit_défectueux,chat,false
f49edc71,108,livraison,chat,true
79f14a73,67,question,email,false
b6de1a28,162,question,email,false
bcc64d8e,1,livraison,telephone,false
81f0f015,179,livraison,chat,true
031d18c5,102,produit_défectueux,chat,false
091f53a3,143,question,telephone,false
478f47c7,189,livraison,chat,true
fff7439c,85,livraison,chat,true
d1a55a63,1,livraison,email,false
29afd8df,126,produit_défectueux,chat,true
6c6231fd,7,livraison,telephone,false
95cf643e,86,livraison,chat,true
70263127,124,livraison,email,false
0b2ccce0,177,produit_défectueux,telephone,false
696fdec5,132,livraison,email,false
5bc5bde8,62,question,chat,true
08b709d1,107,produit_défectueux,telephone,false
85e0862a,108,livraison,chat,false
072219d8,56,remboursement,chat,true
8a5f40df,18,produit_défectueux,telephone,true
e57fe499,110,remboursement,chat,true
c418b3ef,7,remboursement,telephone,true
3cea49ac,110,remboursement,email,true
659ccd47,94,question,telephone,false
1a8949c2,38,question,chat,false
579d21b3,126,question,chat,true
60a38211,26,question,chat,false
e4818b6d,181,remboursement,email,true
404ce895,56,remboursement,telephone,false
47f72122,102,question,email,false
57603721,165,question,email,false
64aca5a8,172,question,telephone,true
fd0bce43,94,remboursement,email,false
e8ba924d,62,livraison,chat,true
abf155d3,146,remboursement,chat,false
cc03f8e5,40,question,email,false
528e9c4d,182,remboursement,telephone,false
19eaf4bb,75,remboursement,telephone,true
66d678ae,72,livraison,email,false
76337891,15,produit_défectueux,chat,true
9edfbafa,72,remboursement,email,false
3f42ec03,38,produit_défectueux,chat,false
12b59d79,181,question,email,true
acfab8f5,177,question,email,true
05d212a1,82,produit_défectueux,email,true
20e556a0,131,produit_défectueux,telephone,true
44786d0d,95,livraison,chat,false
ed3a9121,81,produit_défectueux,chat,true
2e49b2cc,115,question,telephone,true
214e2045,31,produit_défectueux,chat,true
b17406fc,42,question,email,true
e548b63d,135,produit_défectueux,telephone,false
2a32de27,63,remboursement,chat,true
3714d19b,100,livraison,telephone,false
f7042ba8,158,livraison,email,false
3798cf29,34,remboursement,email,true
5925fcbc,66,question,telephone,true
d37743b7,152,livraison,email,false
6b4f58a8,31,question,email,true
32048df5,43,remboursement,email,false
d860459b,65,question,telephone,true
579288fc,68,produit_défectueux,chat,false
6fd175f3,18,question,email,true
6ba6b866,107,produit_défectueux,chat,true
d26cb694,119,livraison,chat,false
968bb1e3,133,produit_défectueux,email,true
f24002d1,37,produit_défectueux,email,true
90ae27fd,57,livraison,email,true
949c517d,70,question,email,true
db3cea10,22,remboursement,email,true
e237b372,149,produit_défectueux,telephone,false
6317496c,75,produit_défectueux,chat,false
02e9de0a,127,question,telephone,true
efcaefad,142,remboursement,telephone,false
65519abc,110,remboursement,email,false
234ee04e,76,question,telephone,false
c3d8cc99,195,livraison,chat,false
ea12740a,18,livraison,chat,false
ed9d7768,197,produit_défectueux,chat,true
e984736d,35,produit_défectueux,chat,true
a51852c1,79,livraison,email,true
29ad71b2,31,livraison,telephone,false
3dff3852,123,produit_défectueux,chat,true
e7100623,95,produit_défectueux,telephone,false
5de7c208,92,produit_défectueux,telephone,false
74c97a1c,68,produit_défectueux,telephone,true
edd9e980,29,question,email,false
c19d1f12,139,question,telephone,true
d262fe7d,3,remboursement,telephone,false
aecadc50,131,remboursement,chat,false
9d14146c,156,question,telephone,true
b876d027,8,remboursement,email,true
136331ba,114,question,email,true
969ebc34,30,remboursement,telephone,true
6ef6f6fb,26,remboursement,telephone,true
bb837a56,82,question,email,false
01937263,121,produit_défectueux,email,true
fa04a391,137,question,email,true
434daf34,168,question,telephone,false
01264d28,112,question,chat,false
7958ef4a,155,produit_défectueux,telephone,true
52f9c222,44,remboursement,telephone,false
90dea43d,12,livraison,chat,false
01c51378,54,question,email,true
7570cb5c,111,question,telephone,false
2f20502d,26,produit_défectueux,email,false
500b0684,83,remboursement,telephone,false
cfc39ee7,139,question,email,true
45b30772,74,remboursement,email,true
bd49a03d,40,question,email,true
5ec1ea7f,177,question,email,false
74e8b28f,140,question,chat,true
b84528e4,63,livraison,chat,true
33f92d9b,134,remboursement,telephone,true
14b4a902,160,produit_défectueux,chat,false
f5133c91,116,produit_défectueux,email,false
0d67984c,148,livraison,chat,true
36de9485,14,question,chat,false
6f66f638,69,produit_défectueux,chat,false
bcfa1559,159,question,telephone,false
d6bb3ee9,108,produit_défectueux,chat,true
1b350b77,107,produit_défectueux,telephone,false
2f381906,29,question,telephone,false
b91009d2,158,produit_défectueux,telephone,false
b19f7e64,180,produit_défectueux,telephone,false
efcd5866,45,livraison,telephone,false
89eb947e,151,question,email,false
c35b6e56,71,question,chat,true
e1e05d79,47,question,chat,false
ba7c8760,33,question,telephone,false
4e434e5c,99,question,chat,true
731e2639,150,livraison,email,true
1456621d,152,remboursement,chat,false
d088415a,25,remboursement,email,false
2b40cbbb,92,livraison,chat,false
aa72b60e,11,remboursement,telephone,false
689c7808,156,livraison,chat,true
fffb7016,192,livraison,chat,false
ef564067,57,livraison,telephone,false
34ef2502,33,produit_défectueux,chat,true
4c6f68b3,2,remboursement,telephone,false
e5405d84,25,livraison,email,true
01b4fbc3,53,livraison,chat,false
22d50ffb,164,remboursement,chat,true
c443fd24,106,remboursement,chat,true
67d5dac8,15,produit_défectueux,chat,false
debcd3f7,192,produit_défectueux,telephone,false
0f962e18,136,question,chat,true
e37dd1e6,19,remboursement,email,false
d6613328,98,remboursement,telephone,true
9d5e7a78,33,livraison,telephone,true
d1e374f8,173,produit_défectueux,email,true
f738c83c,117,livraison,email,true
4005a938,139,livraison,email,false
84350f40,99,produit_défectueux,telephone,true
a3308cf8,62,produit_défectueux,chat,false
e41337b7,120,livraison,email,false
709cd8b1,106,question,telephone,false
d3bf0cd7,154,question,telephone,false
4e76c4d7,160,remboursement,email,true
e1972da4,136,livraison,telephone,false
548e9905,175,remboursement,email,true
3c7f50bf,125,remboursement,telephone,false
18444dd3,84,remboursement,chat,true
c591ad62,65,question,chat,false
6c829fbd,87,livraison,chat,false
a4fdbdcd,188,livraison,chat,true
a4c07d23,92,produit_défectueux,chat,true
fca3eb6d,171,livraison,chat,true
2ce610b6,182,question,email,true
0ab80a68,90,produit_défectueux,chat,true
a2e35b96,110,livraison,chat,false
fb952663,25,remboursement,chat,false
7a26bc34,153,question,email,false
ef379183,65,question,telephone,true
16ce8d6b,150,livraison,email,false
441bd748,147,remboursement,chat,false
102a51aa,86,livraison,email,true
ba91a143,101,livraison,chat,true
cb47c030,72,remboursement,email,true
a8727b76,136,remboursement,email,false
10967a07,161,produit_défectueux,email,false
6f85cac5,146,livraison,email,true
4f914aed,11,question,email,true
47687a1d,140,remboursement,email,true
eeb66260,181,livraison,telephone,false
d3e0272b,1,question,chat,false
be3d7a30,140,livraison,email,false
17c148bc,60,remboursement,telephone,false
35180346,191,livraison,chat,true
e809a34b,86,livraison,email,true
43615325,48,produit_défectueux,email,false
f38cb7db,200,produit_défectueux,email,false
8bb8dc76,9,remboursement,chat,false
0059896b,164,question,email,false
0b3c5851,104,livraison,telephone,true
bdc548a3,152,remboursement,chat,true
d817fe02,63,produit_défectueux,email,false
82b00ad5,86,produit_défectueux,email,false
d6b8707e,30,remboursement,email,false
53b83f16,52,livraison,email,true
07919604,86,remboursement,telephone,false
618e74d6,123,livraison,email,false
30f04cd2,9,livraison,chat,true
641ca491,143,produit_défectueux,chat,false
7911f0f3,165,produit_défectueux,telephone,false
fc13f577,38,produit_défectueux,email,true
5ca6b638,83,remboursement,chat,true
438a2b64,91,livraison,chat,true
b9661ff5,140,remboursement,email,false
fbb219e1,179,remboursement,email,false
090026b2,161,remboursement,email,true
30e683c6,194,livraison,telephone,true
2f937d13,118,question,email,true
10f90faf,91,livraison,telephone,false
0a70b4a7,93,remboursement,telephone,true
e129aa86,11,livraison,chat,true
8c2a5261,17,produit_défectueux,chat,false
65e982e0,70,question,telephone,true
3975cd96,59,produit_défectueux,telephone,false
e2dcfad1,35,livraison,email,false
7fe1ce78,163,remboursement,email,true
87d223d9,153,livraison,email,true
87cc9f71,11,question,telephone,false
a98fd620,161,produit_défectueux,telephone,false
15f7fe5e,101,produit_défectueux,email,false
6980dca0,93,question,chat,true
7ab18250,50,question,telephone,false
3a223d7e,104,remboursement,telephone,false
b72624fd,185,livraison,chat,false
3ad1d251,80,question,chat,false
6b9904c6,91,livraison,chat,false
8f08c4dc,161,produit_défectueux,telephone,false
3dadb099,186,remboursement,telephone,true
84da53a6,58,remboursement,chat,true
